<?xml version="1.0" encoding="UTF-8"?>
<project version="4">
    <component name="GradleSettings">
        <option name="linkedExternalProjectsSettings">
            <GradleProjectSettings>
                <option name="distributionType" value="DEFAULT_WRAPPED" />
                <option name="externalProjectPath" value="$PROJECT_DIR$" />
                <option name="modules">
                    <set>
                        <option value="$PROJECT_DIR$" />
                    </set>
                </option>
                <option name="resolveModulePerSourceSet" value="false" />
                <option name="useAutoImport" value="true" />
            </GradleProjectSettings>
        </option>
    </component>
</project>
